params,losses,mean_loss
"{'batch_size': 12800, 'dropout1': 0.206, 'dropout2': 0.301, 'dropout3': 0.471, 'dropout4': 0.103, 'dropout5': 0.386, 'dropout6': 0.412, 'dropout7': 0.233, 'dropout8': 0.354, 'hidden_size1': 64, 'hidden_size2': 32, 'hidden_size3': 32, 'hidden_size4': 48, 'hidden_size5': 128, 'hidden_size6': 128, 'hidden_size7': 1024, 'hidden_size8': 128, 'learning_rate': 0.004, 'n_layers': 6, 'num_epochs': 10}","[0.7846946742757663, 0.7804756377862772, 0.7882302439415417]",0.784466852001195
"{'batch_size': 128, 'dropout1': 0.383, 'dropout2': 0.294, 'dropout3': 0.192, 'dropout4': 0.337, 'dropout5': 0.028, 'dropout6': 0.121, 'dropout7': 0.043, 'dropout8': 0.313, 'hidden_size1': 128, 'hidden_size2': 896, 'hidden_size3': 896, 'hidden_size4': 896, 'hidden_size5': 32, 'hidden_size6': 1024, 'hidden_size7': 96, 'hidden_size8': 128, 'learning_rate': 0.009000000000000001, 'n_layers': 3, 'num_epochs': 30}","[0.7828991704232567, 0.7812649143984036, 0.7865136921628155]",0.7835592589948254
"{'batch_size': 2048, 'dropout1': 0.201, 'dropout2': 0.273, 'dropout3': 0.262, 'dropout4': 0.359, 'dropout5': 0.268, 'dropout6': 0.189, 'dropout7': 0.015, 'dropout8': 0.286, 'hidden_size1': 32, 'hidden_size2': 1024, 'hidden_size3': 48, 'hidden_size4': 64, 'hidden_size5': 448, 'hidden_size6': 32, 'hidden_size7': 448, 'hidden_size8': 1024, 'learning_rate': 0.04, 'n_layers': 6, 'num_epochs': 25}","[0.7855619981934359, 0.7826481484510777, 0.7871708524817]",0.7851269997087379
"{'batch_size': 256, 'dropout1': 0.154, 'dropout2': 0.201, 'dropout3': 0.157, 'dropout4': 0.05, 'dropout5': 0.483, 'dropout6': 0.127, 'dropout7': 0.046, 'dropout8': 0.195, 'hidden_size1': 512, 'hidden_size2': 1024, 'hidden_size3': 256, 'hidden_size4': 448, 'hidden_size5': 896, 'hidden_size6': 1024, 'hidden_size7': 96, 'hidden_size8': 512, 'learning_rate': 0.0006000000000000001, 'n_layers': 3, 'num_epochs': 25}","[0.7680988638676357, 0.7635664075790365, 0.7736774996417841]",0.7684475903628187
"{'batch_size': 2560, 'dropout1': 0.125, 'dropout2': 0.396, 'dropout3': 0.306, 'dropout4': 0.487, 'dropout5': 0.071, 'dropout6': 0.154, 'dropout7': 0.028, 'dropout8': 0.273, 'hidden_size1': 96, 'hidden_size2': 448, 'hidden_size3': 1024, 'hidden_size4': 48, 'hidden_size5': 256, 'hidden_size6': 1024, 'hidden_size7': 96, 'hidden_size8': 128, 'learning_rate': 0.0001, 'n_layers': 5, 'num_epochs': 30}","[0.7876919852791828, 0.78660726926682, 0.7910553491390608]",0.7884515345616879
"{'batch_size': 256, 'dropout1': 0.306, 'dropout2': 0.023, 'dropout3': 0.35, 'dropout4': 0.464, 'dropout5': 0.005, 'dropout6': 0.13, 'dropout7': 0.059, 'dropout8': 0.162, 'hidden_size1': 128, 'hidden_size2': 96, 'hidden_size3': 1024, 'hidden_size4': 896, 'hidden_size5': 1024, 'hidden_size6': 48, 'hidden_size7': 128, 'hidden_size8': 256, 'learning_rate': 0.003, 'n_layers': 8, 'num_epochs': 30}","[0.7834697278560446, 0.7803691893384612, 0.787859122108663]",0.7838993464343895
"{'batch_size': 10240, 'dropout1': 0.345, 'dropout2': 0.098, 'dropout3': 0.367, 'dropout4': 0.233, 'dropout5': 0.09, 'dropout6': 0.233, 'dropout7': 0.328, 'dropout8': 0.411, 'hidden_size1': 1024, 'hidden_size2': 64, 'hidden_size3': 1024, 'hidden_size4': 512, 'hidden_size5': 48, 'hidden_size6': 128, 'hidden_size7': 128, 'hidden_size8': 32, 'learning_rate': 0.001, 'n_layers': 8, 'num_epochs': 35}","[0.786532120391396, 0.7817279742247877, 0.7868379265809943]",0.7850326737323927
"{'batch_size': 2560, 'dropout1': 0.116, 'dropout2': 0.302, 'dropout3': 0.445, 'dropout4': 0.317, 'dropout5': 0.32, 'dropout6': 0.194, 'dropout7': 0.003, 'dropout8': 0.164, 'hidden_size1': 96, 'hidden_size2': 96, 'hidden_size3': 512, 'hidden_size4': 48, 'hidden_size5': 256, 'hidden_size6': 48, 'hidden_size7': 1024, 'hidden_size8': 64, 'learning_rate': 7.000000000000001e-05, 'n_layers': 2, 'num_epochs': 25}","[0.7856370573611374, 0.7841690456975722, 0.7900915879022825]",0.7866325636536641
"{'batch_size': 256, 'dropout1': 0.108, 'dropout2': 0.383, 'dropout3': 0.241, 'dropout4': 0.055, 'dropout5': 0.445, 'dropout6': 0.053, 'dropout7': 0.235, 'dropout8': 0.151, 'hidden_size1': 896, 'hidden_size2': 32, 'hidden_size3': 256, 'hidden_size4': 64, 'hidden_size5': 512, 'hidden_size6': 48, 'hidden_size7': 64, 'hidden_size8': 1024, 'learning_rate': 0.009000000000000001, 'n_layers': 6, 'num_epochs': 20}","[0.7581575720453863, 0.7516668560177295, 0.7547553162735388]",0.7548599147788848
"{'batch_size': 128, 'dropout1': 0.147, 'dropout2': 0.366, 'dropout3': 0.467, 'dropout4': 0.016, 'dropout5': 0.248, 'dropout6': 0.243, 'dropout7': 0.227, 'dropout8': 0.306, 'hidden_size1': 64, 'hidden_size2': 64, 'hidden_size3': 64, 'hidden_size4': 32, 'hidden_size5': 512, 'hidden_size6': 256, 'hidden_size7': 512, 'hidden_size8': 128, 'learning_rate': 0.0009000000000000001, 'n_layers': 6, 'num_epochs': 40}","[0.7791493529484003, 0.7778340332860291, 0.7836456822884621]",0.7802096895076304
"{'batch_size': 2560, 'dropout1': 0.396, 'dropout2': 0.05, 'dropout3': 0.256, 'dropout4': 0.185, 'dropout5': 0.314, 'dropout6': 0.128, 'dropout7': 0.345, 'dropout8': 0.429, 'hidden_size1': 48, 'hidden_size2': 448, 'hidden_size3': 96, 'hidden_size4': 1024, 'hidden_size5': 256, 'hidden_size6': 896, 'hidden_size7': 48, 'hidden_size8': 896, 'learning_rate': 0.0001, 'n_layers': 5, 'num_epochs': 50}","[0.7818950155595872, 0.7793351118387848, 0.7830789196688042]",0.781436349022392
"{'batch_size': 5120, 'dropout1': 0.125, 'dropout2': 0.467, 'dropout3': 0.213, 'dropout4': 0.428, 'dropout5': 0.221, 'dropout6': 0.336, 'dropout7': 0.451, 'dropout8': 0.265, 'hidden_size1': 96, 'hidden_size2': 256, 'hidden_size3': 448, 'hidden_size4': 96, 'hidden_size5': 64, 'hidden_size6': 512, 'hidden_size7': 32, 'hidden_size8': 96, 'learning_rate': 2e-05, 'n_layers': 7, 'num_epochs': 5}","[0.7543325690233862, 0.7545112789515749, 0.7601324121865871]",0.7563254200538494
"{'batch_size': 512, 'dropout1': 0.407, 'dropout2': 0.423, 'dropout3': 0.052, 'dropout4': 0.075, 'dropout5': 0.345, 'dropout6': 0.219, 'dropout7': 0.111, 'dropout8': 0.273, 'hidden_size1': 448, 'hidden_size2': 448, 'hidden_size3': 128, 'hidden_size4': 128, 'hidden_size5': 96, 'hidden_size6': 64, 'hidden_size7': 896, 'hidden_size8': 448, 'learning_rate': 0.0004, 'n_layers': 5, 'num_epochs': 15}","[0.7852855732950588, 0.7832571113260411, 0.7892874726403176]",0.7859433857538058
"{'batch_size': 4096, 'dropout1': 0.237, 'dropout2': 0.39, 'dropout3': 0.042, 'dropout4': 0.338, 'dropout5': 0.232, 'dropout6': 0.322, 'dropout7': 0.37, 'dropout8': 0.068, 'hidden_size1': 256, 'hidden_size2': 48, 'hidden_size3': 1024, 'hidden_size4': 256, 'hidden_size5': 256, 'hidden_size6': 96, 'hidden_size7': 256, 'hidden_size8': 48, 'learning_rate': 0.0001, 'n_layers': 4, 'num_epochs': 45}","[0.7872027889615716, 0.784888967651475, 0.7898073506987162]",0.7872997024372542
"{'batch_size': 1024, 'dropout1': 0.03, 'dropout2': 0.265, 'dropout3': 0.306, 'dropout4': 0.253, 'dropout5': 0.429, 'dropout6': 0.356, 'dropout7': 0.29, 'dropout8': 0.282, 'hidden_size1': 96, 'hidden_size2': 128, 'hidden_size3': 1024, 'hidden_size4': 48, 'hidden_size5': 256, 'hidden_size6': 448, 'hidden_size7': 96, 'hidden_size8': 128, 'learning_rate': 0.0007000000000000001, 'n_layers': 5, 'num_epochs': 30}","[0.759944516177949, 0.759942409852798, 0.7679648123207639]",0.7626172461171703
"{'batch_size': 2560, 'dropout1': 0.157, 'dropout2': 0.396, 'dropout3': 0.08, 'dropout4': 0.003, 'dropout5': 0.33, 'dropout6': 0.436, 'dropout7': 0.347, 'dropout8': 0.169, 'hidden_size1': 256, 'hidden_size2': 512, 'hidden_size3': 32, 'hidden_size4': 128, 'hidden_size5': 896, 'hidden_size6': 1024, 'hidden_size7': 32, 'hidden_size8': 32, 'learning_rate': 0.005, 'n_layers': 5, 'num_epochs': 30}","[0.7784418391052372, 0.7740150320888766, 0.7785607249488389]",0.7770058653809843
"{'batch_size': 512, 'dropout1': 0.397, 'dropout2': 0.422, 'dropout3': 0.377, 'dropout4': 0.202, 'dropout5': 0.123, 'dropout6': 0.306, 'dropout7': 0.093, 'dropout8': 0.482, 'hidden_size1': 1024, 'hidden_size2': 448, 'hidden_size3': 64, 'hidden_size4': 256, 'hidden_size5': 448, 'hidden_size6': 896, 'hidden_size7': 448, 'hidden_size8': 256, 'learning_rate': 0.03, 'n_layers': 7, 'num_epochs': 45}","[0.778924533247005, 0.01865049352168629, 0.01679705734791693]",0.2714573613722027
"{'batch_size': 4096, 'dropout1': 0.045, 'dropout2': 0.461, 'dropout3': 0.184, 'dropout4': 0.052, 'dropout5': 0.217, 'dropout6': 0.261, 'dropout7': 0.457, 'dropout8': 0.078, 'hidden_size1': 256, 'hidden_size2': 48, 'hidden_size3': 1024, 'hidden_size4': 256, 'hidden_size5': 256, 'hidden_size6': 96, 'hidden_size7': 256, 'hidden_size8': 48, 'learning_rate': 0.0001, 'n_layers': 4, 'num_epochs': 45}","[0.7718938694162913, 0.7716625934723176, 0.7735279250481305]",0.7723614626455798
"{'batch_size': 4096, 'dropout1': 0.05, 'dropout2': 0.486, 'dropout3': 0.145, 'dropout4': 0.479, 'dropout5': 0.071, 'dropout6': 0.154, 'dropout7': 0.489, 'dropout8': 0.165, 'hidden_size1': 256, 'hidden_size2': 48, 'hidden_size3': 1024, 'hidden_size4': 256, 'hidden_size5': 256, 'hidden_size6': 96, 'hidden_size7': 256, 'hidden_size8': 48, 'learning_rate': 6e-05, 'n_layers': 4, 'num_epochs': 45}","[0.7865305444952413, 0.7830200792680315, 0.7865505381285507]",0.7853670539639411
"{'batch_size': 4096, 'dropout1': 0.424, 'dropout2': 0.146, 'dropout3': 0.472, 'dropout4': 0.366, 'dropout5': 0.479, 'dropout6': 0.494, 'dropout7': 0.166, 'dropout8': 0.089, 'hidden_size1': 96, 'hidden_size2': 48, 'hidden_size3': 1024, 'hidden_size4': 48, 'hidden_size5': 256, 'hidden_size6': 96, 'hidden_size7': 256, 'hidden_size8': 48, 'learning_rate': 0.00030000000000000003, 'n_layers': 4, 'num_epochs': 45}","[0.7851094276544364, 0.782690697392648, 0.7888510790872869]",0.7855504013781237
"{'batch_size': 10240, 'dropout1': 0.143, 'dropout2': 0.381, 'dropout3': 0.354, 'dropout4': 0.267, 'dropout5': 0.166, 'dropout6': 0.418, 'dropout7': 0.295, 'dropout8': 0.35, 'hidden_size1': 256, 'hidden_size2': 256, 'hidden_size3': 48, 'hidden_size4': 512, 'hidden_size5': 128, 'hidden_size6': 1024, 'hidden_size7': 512, 'hidden_size8': 96, 'learning_rate': 0.01, 'n_layers': 4, 'num_epochs': 10}","[0.7867233883149376, 0.7843734227563308, 0.7860516789926576]",0.785716163354642
"{'batch_size': 4096, 'dropout1': 0.161, 'dropout2': 0.379, 'dropout3': 0.059, 'dropout4': 0.44, 'dropout5': 0.046, 'dropout6': 0.003, 'dropout7': 0.31, 'dropout8': 0.068, 'hidden_size1': 512, 'hidden_size2': 48, 'hidden_size3': 128, 'hidden_size4': 256, 'hidden_size5': 48, 'hidden_size6': 512, 'hidden_size7': 96, 'hidden_size8': 512, 'learning_rate': 1e-05, 'n_layers': 2, 'num_epochs': 35}","[0.7789833720516561, 0.7756368152468769, 0.7830078491229793]",0.7792093454738375
"{'batch_size': 5120, 'dropout1': 0.495, 'dropout2': 0.384, 'dropout3': 0.152, 'dropout4': 0.156, 'dropout5': 0.013, 'dropout6': 0.281, 'dropout7': 0.346, 'dropout8': 0.229, 'hidden_size1': 32, 'hidden_size2': 448, 'hidden_size3': 512, 'hidden_size4': 96, 'hidden_size5': 32, 'hidden_size6': 32, 'hidden_size7': 256, 'hidden_size8': 48, 'learning_rate': 4e-05, 'n_layers': 4, 'num_epochs': 40}","[0.7732355055292788, 0.7717125051776501, 0.7787560943755754]",0.7745680350275014
"{'batch_size': 2560, 'dropout1': 0.04, 'dropout2': 0.311, 'dropout3': 0.161, 'dropout4': 0.328, 'dropout5': 0.493, 'dropout6': 0.374, 'dropout7': 0.174, 'dropout8': 0.422, 'hidden_size1': 896, 'hidden_size2': 512, 'hidden_size3': 896, 'hidden_size4': 448, 'hidden_size5': 96, 'hidden_size6': 96, 'hidden_size7': 48, 'hidden_size8': 448, 'learning_rate': 0.006, 'n_layers': 5, 'num_epochs': 5}","[0.7853603357112937, 0.7852656341172539, 0.7872884725198886]",0.7859714807828121
"{'batch_size': 12800, 'dropout1': 0.31, 'dropout2': 0.158, 'dropout3': 0.124, 'dropout4': 0.362, 'dropout5': 0.063, 'dropout6': 0.269, 'dropout7': 0.004, 'dropout8': 0.359, 'hidden_size1': 448, 'hidden_size2': 448, 'hidden_size3': 96, 'hidden_size4': 32, 'hidden_size5': 1024, 'hidden_size6': 256, 'hidden_size7': 896, 'hidden_size8': 896, 'learning_rate': 0.02, 'n_layers': 4, 'num_epochs': 15}","[0.786584467748513, 0.7850823480366933, 0.7893599496974004]",0.7870089218275357
"{'batch_size': 2048, 'dropout1': 0.186, 'dropout2': 0.491, 'dropout3': 0.13, 'dropout4': 0.045, 'dropout5': 0.277, 'dropout6': 0.322, 'dropout7': 0.171, 'dropout8': 0.191, 'hidden_size1': 48, 'hidden_size2': 896, 'hidden_size3': 448, 'hidden_size4': 1024, 'hidden_size5': 64, 'hidden_size6': 448, 'hidden_size7': 64, 'hidden_size8': 64, 'learning_rate': 8e-05, 'n_layers': 5, 'num_epochs': 20}","[0.78445477173436, 0.7824301850844902, 0.7881621831924406]",0.785015713337097
"{'batch_size': 1024, 'dropout1': 0.069, 'dropout2': 0.137, 'dropout3': 0.312, 'dropout4': 0.287, 'dropout5': 0.128, 'dropout6': 0.333, 'dropout7': 0.277, 'dropout8': 0.377, 'hidden_size1': 256, 'hidden_size2': 128, 'hidden_size3': 1024, 'hidden_size4': 256, 'hidden_size5': 256, 'hidden_size6': 64, 'hidden_size7': 96, 'hidden_size8': 128, 'learning_rate': 0.008, 'n_layers': 7, 'num_epochs': 45}","[0.7425764776639534, 0.7369662221244686, 0.7348752742650003]",0.7381393246844742
"{'batch_size': 2560, 'dropout1': 0.091, 'dropout2': 0.37, 'dropout3': 0.271, 'dropout4': 0.123, 'dropout5': 0.034, 'dropout6': 0.139, 'dropout7': 0.37, 'dropout8': 0.384, 'hidden_size1': 96, 'hidden_size2': 48, 'hidden_size3': 1024, 'hidden_size4': 48, 'hidden_size5': 256, 'hidden_size6': 96, 'hidden_size7': 256, 'hidden_size8': 48, 'learning_rate': 3.0000000000000004e-05, 'n_layers': 3, 'num_epochs': 30}","[0.7833071977558543, 0.7817261045094275, 0.7874258531970332]",0.7841530518207717
"{'batch_size': 12800, 'dropout1': 0.019, 'dropout2': 0.453, 'dropout3': 0.348, 'dropout4': 0.487, 'dropout5': 0.232, 'dropout6': 0.318, 'dropout7': 0.133, 'dropout8': 0.146, 'hidden_size1': 64, 'hidden_size2': 32, 'hidden_size3': 32, 'hidden_size4': 48, 'hidden_size5': 128, 'hidden_size6': 128, 'hidden_size7': 1024, 'hidden_size8': 128, 'learning_rate': 0.0008, 'n_layers': 8, 'num_epochs': 50}","[0.7826409236705063, 0.7785277701320646, 0.7784827933319618]",0.7798838290448442
"{'batch_size': 4096, 'dropout1': 0.342, 'dropout2': 0.23, 'dropout3': 0.005, 'dropout4': 0.036, 'dropout5': 0.276, 'dropout6': 0.023, 'dropout7': 0.05, 'dropout8': 0.182, 'hidden_size1': 256, 'hidden_size2': 448, 'hidden_size3': 1024, 'hidden_size4': 256, 'hidden_size5': 256, 'hidden_size6': 1024, 'hidden_size7': 256, 'hidden_size8': 48, 'learning_rate': 0.0002, 'n_layers': 2, 'num_epochs': 10}","[0.7827367432207586, 0.7809267096293306, 0.7869882953045297]",0.7835505827182064
"{'batch_size': 4096, 'dropout1': 0.445, 'dropout2': 0.365, 'dropout3': 0.053, 'dropout4': 0.256, 'dropout5': 0.184, 'dropout6': 0.488, 'dropout7': 0.028, 'dropout8': 0.314, 'hidden_size1': 128, 'hidden_size2': 896, 'hidden_size3': 896, 'hidden_size4': 896, 'hidden_size5': 32, 'hidden_size6': 1024, 'hidden_size7': 96, 'hidden_size8': 128, 'learning_rate': 0.0001, 'n_layers': 4, 'num_epochs': 30}","[0.7810086908501788, 0.7783159118918872, 0.7855238727139943]",0.7816161584853534
"{'batch_size': 2048, 'dropout1': 0.221, 'dropout2': 0.331, 'dropout3': 0.014, 'dropout4': 0.046, 'dropout5': 0.496, 'dropout6': 0.238, 'dropout7': 0.464, 'dropout8': 0.045, 'hidden_size1': 32, 'hidden_size2': 1024, 'hidden_size3': 48, 'hidden_size4': 96, 'hidden_size5': 448, 'hidden_size6': 32, 'hidden_size7': 448, 'hidden_size8': 1024, 'learning_rate': 5e-05, 'n_layers': 3, 'num_epochs': 45}","[0.7836852488019661, 0.7824808878990415, 0.7882280705376382]",0.7847980690795486
"{'batch_size': 2560, 'dropout1': 0.291, 'dropout2': 0.424, 'dropout3': 0.233, 'dropout4': 0.231, 'dropout5': 0.068, 'dropout6': 0.087, 'dropout7': 0.067, 'dropout8': 0.148, 'hidden_size1': 512, 'hidden_size2': 96, 'hidden_size3': 256, 'hidden_size4': 64, 'hidden_size5': 48, 'hidden_size6': 448, 'hidden_size7': 64, 'hidden_size8': 512, 'learning_rate': 0.007, 'n_layers': 5, 'num_epochs': 5}","[0.7850552597805944, 0.7824380938521663, 0.7892099486959008]",0.785567767442887
"{'batch_size': 128, 'dropout1': 0.2, 'dropout2': 0.055, 'dropout3': 0.026, 'dropout4': 0.442, 'dropout5': 0.164, 'dropout6': 0.322, 'dropout7': 0.131, 'dropout8': 0.063, 'hidden_size1': 1024, 'hidden_size2': 48, 'hidden_size3': 128, 'hidden_size4': 448, 'hidden_size5': 896, 'hidden_size6': 1024, 'hidden_size7': 128, 'hidden_size8': 256, 'learning_rate': 0.0005, 'n_layers': 6, 'num_epochs': 50}","[0.7497206847338731, 0.7468205124943944, 0.7610693030960266]",0.7525368334414314
"{'batch_size': 512, 'dropout1': 0.334, 'dropout2': 0.39, 'dropout3': 0.06, 'dropout4': 0.004, 'dropout5': 0.204, 'dropout6': 0.192, 'dropout7': 0.127, 'dropout8': 0.026, 'hidden_size1': 128, 'hidden_size2': 1024, 'hidden_size3': 448, 'hidden_size4': 512, 'hidden_size5': 1024, 'hidden_size6': 128, 'hidden_size7': 96, 'hidden_size8': 32, 'learning_rate': 0.002, 'n_layers': 8, 'num_epochs': 35}","[0.7869138977892816, 0.7842511427810881, 0.7885105928712923]",0.786558544480554
"{'batch_size': 10240, 'dropout1': 0.115, 'dropout2': 0.48, 'dropout3': 0.042, 'dropout4': 0.498, 'dropout5': 0.064, 'dropout6': 0.184, 'dropout7': 0.205, 'dropout8': 0.233, 'hidden_size1': 96, 'hidden_size2': 64, 'hidden_size3': 512, 'hidden_size4': 896, 'hidden_size5': 64, 'hidden_size6': 96, 'hidden_size7': 1024, 'hidden_size8': 64, 'learning_rate': 9e-05, 'n_layers': 3, 'num_epochs': 25}","[0.7842359291321732, 0.7811811364999256, 0.7886932363015179]",0.7847034339778722
"{'batch_size': 256, 'dropout1': 0.237, 'dropout2': 0.254, 'dropout3': 0.496, 'dropout4': 0.338, 'dropout5': 0.347, 'dropout6': 0.282, 'dropout7': 0.352, 'dropout8': 0.224, 'hidden_size1': 896, 'hidden_size2': 32, 'hidden_size3': 64, 'hidden_size4': 48, 'hidden_size5': 512, 'hidden_size6': 256, 'hidden_size7': 896, 'hidden_size8': 896, 'learning_rate': 0.004, 'n_layers': 2, 'num_epochs': 30}","[0.7685797984311864, 0.7683261235548915, 0.7720716829933472]",0.7696592016598084
"{'batch_size': 5120, 'dropout1': 0.013, 'dropout2': 0.13, 'dropout3': 0.162, 'dropout4': 0.469, 'dropout5': 0.257, 'dropout6': 0.132, 'dropout7': 0.498, 'dropout8': 0.203, 'hidden_size1': 64, 'hidden_size2': 128, 'hidden_size3': 1024, 'hidden_size4': 32, 'hidden_size5': 96, 'hidden_size6': 512, 'hidden_size7': 512, 'hidden_size8': 96, 'learning_rate': 0.0001, 'n_layers': 6, 'num_epochs': 20}","[0.7863896799317007, 0.7838870724525506, 0.7887146544512228]",0.7863304689451581
"{'batch_size': 1024, 'dropout1': 0.155, 'dropout2': 0.095, 'dropout3': 0.322, 'dropout4': 0.465, 'dropout5': 0.399, 'dropout6': 0.395, 'dropout7': 0.098, 'dropout8': 0.144, 'hidden_size1': 448, 'hidden_size2': 512, 'hidden_size3': 96, 'hidden_size4': 1024, 'hidden_size5': 128, 'hidden_size6': 48, 'hidden_size7': 48, 'hidden_size8': 1024, 'learning_rate': 0.003, 'n_layers': 8, 'num_epochs': 40}","[0.7599441873817693, 0.7616041391836199, 0.758182245219585]",0.7599101905949913
"{'batch_size': 128, 'dropout1': 0.469, 'dropout2': 0.149, 'dropout3': 0.126, 'dropout4': 0.22, 'dropout5': 0.307, 'dropout6': 0.045, 'dropout7': 0.453, 'dropout8': 0.011, 'hidden_size1': 32, 'hidden_size2': 256, 'hidden_size3': 256, 'hidden_size4': 64, 'hidden_size5': 32, 'hidden_size6': 896, 'hidden_size7': 128, 'hidden_size8': 128, 'learning_rate': 0.0006000000000000001, 'n_layers': 7, 'num_epochs': 15}","[0.7739545130337273, 0.7718770573216903, 0.771818287680882]",0.7725499526787666
"{'batch_size': 12800, 'dropout1': 0.174, 'dropout2': 0.346, 'dropout3': 0.414, 'dropout4': 0.139, 'dropout5': 0.334, 'dropout6': 0.178, 'dropout7': 0.188, 'dropout8': 0.272, 'hidden_size1': 48, 'hidden_size2': 96, 'hidden_size3': 32, 'hidden_size4': 128, 'hidden_size5': 256, 'hidden_size6': 64, 'hidden_size7': 32, 'hidden_size8': 448, 'learning_rate': 0.04, 'n_layers': 5, 'num_epochs': 10}","[0.022644911543189362, 0.778553269341344, 0.784868391780273]",0.5286888575549354
"{'batch_size': 2560, 'dropout1': 0.448, 'dropout2': 0.16, 'dropout3': 0.274, 'dropout4': 0.34, 'dropout5': 0.216, 'dropout6': 0.325, 'dropout7': 0.317, 'dropout8': 0.226, 'hidden_size1': 96, 'hidden_size2': 64, 'hidden_size3': 896, 'hidden_size4': 48, 'hidden_size5': 512, 'hidden_size6': 1024, 'hidden_size7': 96, 'hidden_size8': 512, 'learning_rate': 7.000000000000001e-05, 'n_layers': 4, 'num_epochs': 25}","[0.7781545444349829, 0.7770990334495285, 0.7834251780254515]",0.7795595853033209
"{'batch_size': 256, 'dropout1': 0.184, 'dropout2': 0.157, 'dropout3': 0.065, 'dropout4': 0.381, 'dropout5': 0.469, 'dropout6': 0.373, 'dropout7': 0.353, 'dropout8': 0.44, 'hidden_size1': 512, 'hidden_size2': 896, 'hidden_size3': 48, 'hidden_size4': 448, 'hidden_size5': 448, 'hidden_size6': 32, 'hidden_size7': 448, 'hidden_size8': 128, 'learning_rate': 0.0001, 'n_layers': 5, 'num_epochs': 30}","[0.7759016604807043, 0.7717681991718731, 0.7757323464458077]",0.7744674020327951
"{'batch_size': 2048, 'dropout1': 0.231, 'dropout2': 0.396, 'dropout3': 0.066, 'dropout4': 0.204, 'dropout5': 0.477, 'dropout6': 0.383, 'dropout7': 0.169, 'dropout8': 0.097, 'hidden_size1': 1024, 'hidden_size2': 448, 'hidden_size3': 1024, 'hidden_size4': 512, 'hidden_size5': 896, 'hidden_size6': 48, 'hidden_size7': 1024, 'hidden_size8': 256, 'learning_rate': 2e-05, 'n_layers': 6, 'num_epochs': 35}","[0.7861809865043199, 0.7842116693056291, 0.7891734276266258]",0.7865220278121917
"{'batch_size': 10240, 'dropout1': 0.068, 'dropout2': 0.06, 'dropout3': 0.146, 'dropout4': 0.375, 'dropout5': 0.36, 'dropout6': 0.034, 'dropout7': 0.362, 'dropout8': 0.216, 'hidden_size1': 128, 'hidden_size2': 1024, 'hidden_size3': 64, 'hidden_size4': 896, 'hidden_size5': 256, 'hidden_size6': 128, 'hidden_size7': 32, 'hidden_size8': 32, 'learning_rate': 0.001, 'n_layers': 3, 'num_epochs': 45}","[0.7576645610353421, 0.7530317236648396, 0.76339898928598]",0.7580317579953872
"{'batch_size': 2560, 'dropout1': 0.401, 'dropout2': 0.363, 'dropout3': 0.118, 'dropout4': 0.221, 'dropout5': 0.071, 'dropout6': 0.011, 'dropout7': 0.416, 'dropout8': 0.131, 'hidden_size1': 256, 'hidden_size2': 48, 'hidden_size3': 1024, 'hidden_size4': 256, 'hidden_size5': 1024, 'hidden_size6': 896, 'hidden_size7': 256, 'hidden_size8': 64, 'learning_rate': 0.0004, 'n_layers': 5, 'num_epochs': 30}","[0.7862550324284556, 0.7842046180894048, 0.7893713698037925]",0.7866103401072176
"{'batch_size': 4096, 'dropout1': 0.165, 'dropout2': 0.278, 'dropout3': 0.173, 'dropout4': 0.015, 'dropout5': 0.467, 'dropout6': 0.429, 'dropout7': 0.249, 'dropout8': 0.437, 'hidden_size1': 96, 'hidden_size2': 32, 'hidden_size3': 512, 'hidden_size4': 128, 'hidden_size5': 48, 'hidden_size6': 96, 'hidden_size7': 64, 'hidden_size8': 48, 'learning_rate': 0.0007000000000000001, 'n_layers': 4, 'num_epochs': 20}","[0.7873161257275925, 0.7845709955687027, 0.7905541470100937]",0.7874804227687963
"{'batch_size': 512, 'dropout1': 0.066, 'dropout2': 0.264, 'dropout3': 0.036, 'dropout4': 0.373, 'dropout5': 0.037, 'dropout6': 0.085, 'dropout7': 0.037, 'dropout8': 0.209, 'hidden_size1': 96, 'hidden_size2': 32, 'hidden_size3': 512, 'hidden_size4': 128, 'hidden_size5': 48, 'hidden_size6': 512, 'hidden_size7': 64, 'hidden_size8': 896, 'learning_rate': 0.0007000000000000001, 'n_layers': 2, 'num_epochs': 20}","[0.7768859321159398, 0.7736847027913318, 0.7792391914174136]",0.7766032754415617
"{'batch_size': 128, 'dropout1': 0.325, 'dropout2': 0.092, 'dropout3': 0.383, 'dropout4': 0.024, 'dropout5': 0.465, 'dropout6': 0.154, 'dropout7': 0.257, 'dropout8': 0.474, 'hidden_size1': 96, 'hidden_size2': 448, 'hidden_size3': 512, 'hidden_size4': 128, 'hidden_size5': 48, 'hidden_size6': 256, 'hidden_size7': 64, 'hidden_size8': 96, 'learning_rate': 0.0007000000000000001, 'n_layers': 7, 'num_epochs': 20}","[0.7855375040482467, 0.7821481643448768, 0.7877993191431063]",0.7851616625120766
"{'batch_size': 4096, 'dropout1': 0.301, 'dropout2': 0.278, 'dropout3': 0.033, 'dropout4': 0.054, 'dropout5': 0.463, 'dropout6': 0.479, 'dropout7': 0.463, 'dropout8': 0.273, 'hidden_size1': 96, 'hidden_size2': 32, 'hidden_size3': 512, 'hidden_size4': 128, 'hidden_size5': 48, 'hidden_size6': 1024, 'hidden_size7': 64, 'hidden_size8': 48, 'learning_rate': 0.009000000000000001, 'n_layers': 8, 'num_epochs': 20}","[0.7873562873174746, 0.7852133170615003, 0.7904000915930487]",0.7876565653240079
"{'batch_size': 5120, 'dropout1': 0.311, 'dropout2': 0.312, 'dropout3': 0.398, 'dropout4': 0.429, 'dropout5': 0.093, 'dropout6': 0.409, 'dropout7': 0.028, 'dropout8': 0.399, 'hidden_size1': 96, 'hidden_size2': 32, 'hidden_size3': 512, 'hidden_size4': 128, 'hidden_size5': 48, 'hidden_size6': 1024, 'hidden_size7': 64, 'hidden_size8': 1024, 'learning_rate': 0.0009000000000000001, 'n_layers': 8, 'num_epochs': 20}","[0.7855177173809291, 0.7842319375812219, 0.7900545340728001]",0.7866013963449837
"{'batch_size': 1024, 'dropout1': 0.309, 'dropout2': 0.171, 'dropout3': 0.219, 'dropout4': 0.054, 'dropout5': 0.234, 'dropout6': 0.331, 'dropout7': 0.271, 'dropout8': 0.251, 'hidden_size1': 896, 'hidden_size2': 32, 'hidden_size3': 96, 'hidden_size4': 48, 'hidden_size5': 64, 'hidden_size6': 1024, 'hidden_size7': 512, 'hidden_size8': 448, 'learning_rate': 0.009000000000000001, 'n_layers': 8, 'num_epochs': 40}","[0.7756003613006386, 0.7730102120298177, 0.7777286407322506]",0.775446404687569
"{'batch_size': 2560, 'dropout1': 0.349, 'dropout2': 0.291, 'dropout3': 0.494, 'dropout4': 0.458, 'dropout5': 0.261, 'dropout6': 0.262, 'dropout7': 0.356, 'dropout8': 0.096, 'hidden_size1': 96, 'hidden_size2': 256, 'hidden_size3': 128, 'hidden_size4': 32, 'hidden_size5': 96, 'hidden_size6': 1024, 'hidden_size7': 96, 'hidden_size8': 128, 'learning_rate': 0.009000000000000001, 'n_layers': 8, 'num_epochs': 5}","[0.7830729961754486, 0.780639639222943, 0.7873406989006178]",0.7836844447663364
"{'batch_size': 256, 'dropout1': 0.057, 'dropout2': 0.038, 'dropout3': 0.268, 'dropout4': 0.365, 'dropout5': 0.168, 'dropout6': 0.199, 'dropout7': 0.377, 'dropout8': 0.481, 'hidden_size1': 48, 'hidden_size2': 96, 'hidden_size3': 448, 'hidden_size4': 96, 'hidden_size5': 48, 'hidden_size6': 1024, 'hidden_size7': 48, 'hidden_size8': 48, 'learning_rate': 0.005, 'n_layers': 8, 'num_epochs': 15}","[0.7812687663759632, 0.7773655105864936, 0.7821757147939479]",0.7802699972521349
"{'batch_size': 4096, 'dropout1': 0.437, 'dropout2': 0.288, 'dropout3': 0.047, 'dropout4': 0.184, 'dropout5': 0.078, 'dropout6': 0.254, 'dropout7': 0.463, 'dropout8': 0.273, 'hidden_size1': 448, 'hidden_size2': 512, 'hidden_size3': 512, 'hidden_size4': 1024, 'hidden_size5': 512, 'hidden_size6': 64, 'hidden_size7': 896, 'hidden_size8': 32, 'learning_rate': 6e-05, 'n_layers': 8, 'num_epochs': 50}","[0.7841631348535947, 0.7820559261424587, 0.7878954521611734]",0.7847048377190756
"{'batch_size': 12800, 'dropout1': 0.463, 'dropout2': 0.268, 'dropout3': 0.309, 'dropout4': 0.038, 'dropout5': 0.275, 'dropout6': 0.22, 'dropout7': 0.191, 'dropout8': 0.002, 'hidden_size1': 64, 'hidden_size2': 448, 'hidden_size3': 256, 'hidden_size4': 64, 'hidden_size5': 448, 'hidden_size6': 1024, 'hidden_size7': 128, 'hidden_size8': 512, 'learning_rate': 0.03, 'n_layers': 5, 'num_epochs': 25}","[0.7793606707954419, 0.7777336624963982, 0.7858687756543017]",0.7809877029820473
"{'batch_size': 2560, 'dropout1': 0.479, 'dropout2': 0.394, 'dropout3': 0.033, 'dropout4': 0.007, 'dropout5': 0.362, 'dropout6': 0.486, 'dropout7': 0.368, 'dropout8': 0.181, 'hidden_size1': 96, 'hidden_size2': 128, 'hidden_size3': 32, 'hidden_size4': 128, 'hidden_size5': 896, 'hidden_size6': 448, 'hidden_size7': 64, 'hidden_size8': 256, 'learning_rate': 0.00030000000000000003, 'n_layers': 8, 'num_epochs': 20}","[0.7802949797967568, 0.7792446599136875, 0.7853820773559097]",0.7816405723554514
"{'batch_size': 10240, 'dropout1': 0.368, 'dropout2': 0.392, 'dropout3': 0.139, 'dropout4': 0.409, 'dropout5': 0.293, 'dropout6': 0.041, 'dropout7': 0.077, 'dropout8': 0.463, 'hidden_size1': 1024, 'hidden_size2': 64, 'hidden_size3': 48, 'hidden_size4': 48, 'hidden_size5': 128, 'hidden_size6': 48, 'hidden_size7': 96, 'hidden_size8': 128, 'learning_rate': 0.009000000000000001, 'n_layers': 5, 'num_epochs': 30}","[0.7866627342644285, 0.7844276816645547, 0.7894291133635363]",0.7868398430975064
"{'batch_size': 4096, 'dropout1': 0.436, 'dropout2': 0.253, 'dropout3': 0.164, 'dropout4': 0.344, 'dropout5': 0.101, 'dropout6': 0.123, 'dropout7': 0.372, 'dropout8': 0.09, 'hidden_size1': 512, 'hidden_size2': 32, 'hidden_size3': 896, 'hidden_size4': 512, 'hidden_size5': 32, 'hidden_size6': 1024, 'hidden_size7': 32, 'hidden_size8': 48, 'learning_rate': 4e-05, 'n_layers': 6, 'num_epochs': 10}","[0.7765166497750664, 0.7747183742426242, 0.7805023198046462]",0.7772457812741123
"{'batch_size': 2048, 'dropout1': 0.087, 'dropout2': 0.129, 'dropout3': 0.464, 'dropout4': 0.239, 'dropout5': 0.463, 'dropout6': 0.421, 'dropout7': 0.167, 'dropout8': 0.137, 'hidden_size1': 32, 'hidden_size2': 448, 'hidden_size3': 64, 'hidden_size4': 448, 'hidden_size5': 1024, 'hidden_size6': 32, 'hidden_size7': 448, 'hidden_size8': 96, 'learning_rate': 0.01, 'n_layers': 7, 'num_epochs': 35}","[0.7828289735638879, 0.7777087199705797, 0.7830229353593146]",0.7811868762979275
"{'batch_size': 512, 'dropout1': 0.494, 'dropout2': 0.284, 'dropout3': 0.247, 'dropout4': 0.102, 'dropout5': 0.329, 'dropout6': 0.104, 'dropout7': 0.463, 'dropout8': 0.166, 'hidden_size1': 96, 'hidden_size2': 896, 'hidden_size3': 512, 'hidden_size4': 128, 'hidden_size5': 48, 'hidden_size6': 896, 'hidden_size7': 512, 'hidden_size8': 64, 'learning_rate': 1e-05, 'n_layers': 2, 'num_epochs': 30}","[0.771471555884464, 0.7688866690698306, 0.7752971129539064]",0.771885112636067
"{'batch_size': 5120, 'dropout1': 0.125, 'dropout2': 0.189, 'dropout3': 0.209, 'dropout4': 0.449, 'dropout5': 0.062, 'dropout6': 0.479, 'dropout7': 0.009, 'dropout8': 0.273, 'hidden_size1': 896, 'hidden_size2': 256, 'hidden_size3': 128, 'hidden_size4': 96, 'hidden_size5': 96, 'hidden_size6': 512, 'hidden_size7': 96, 'hidden_size8': 896, 'learning_rate': 0.02, 'n_layers': 3, 'num_epochs': 40}","[0.7517970777409735, 0.7451102680453452, 0.7587904187169701]",0.7518992548344295
"{'batch_size': 4096, 'dropout1': 0.301, 'dropout2': 0.416, 'dropout3': 0.264, 'dropout4': 0.212, 'dropout5': 0.214, 'dropout6': 0.404, 'dropout7': 0.036, 'dropout8': 0.098, 'hidden_size1': 48, 'hidden_size2': 32, 'hidden_size3': 96, 'hidden_size4': 48, 'hidden_size5': 256, 'hidden_size6': 1024, 'hidden_size7': 64, 'hidden_size8': 448, 'learning_rate': 0.006, 'n_layers': 5, 'num_epochs': 5}","[0.7818717602180356, 0.7798708585808938, 0.7863515647834274]",0.782698061194119
"{'batch_size': 2560, 'dropout1': 0.387, 'dropout2': 0.077, 'dropout3': 0.461, 'dropout4': 0.248, 'dropout5': 0.233, 'dropout6': 0.442, 'dropout7': 0.426, 'dropout8': 0.476, 'hidden_size1': 128, 'hidden_size2': 512, 'hidden_size3': 448, 'hidden_size4': 32, 'hidden_size5': 64, 'hidden_size6': 256, 'hidden_size7': 48, 'hidden_size8': 48, 'learning_rate': 3.0000000000000004e-05, 'n_layers': 8, 'num_epochs': 20}","[0.7779461423301006, 0.7746002749642272, 0.7819854536195145]",0.7781772903046141
"{'batch_size': 128, 'dropout1': 0.4, 'dropout2': 0.357, 'dropout3': 0.224, 'dropout4': 0.068, 'dropout5': 0.211, 'dropout6': 0.054, 'dropout7': 0.132, 'dropout8': 0.426, 'hidden_size1': 448, 'hidden_size2': 1024, 'hidden_size3': 256, 'hidden_size4': 1024, 'hidden_size5': 128, 'hidden_size6': 128, 'hidden_size7': 1024, 'hidden_size8': 128, 'learning_rate': 8e-05, 'n_layers': 5, 'num_epochs': 50}","[0.7842023086307559, 0.7815969100622557, 0.7873682619430775]",0.7843891602120298
"{'batch_size': 4096, 'dropout1': 0.156, 'dropout2': 0.477, 'dropout3': 0.173, 'dropout4': 0.312, 'dropout5': 0.262, 'dropout6': 0.323, 'dropout7': 0.341, 'dropout8': 0.043, 'hidden_size1': 96, 'hidden_size2': 32, 'hidden_size3': 512, 'hidden_size4': 128, 'hidden_size5': 48, 'hidden_size6': 96, 'hidden_size7': 64, 'hidden_size8': 48, 'learning_rate': 0.0007000000000000001, 'n_layers': 4, 'num_epochs': 20}","[0.7873720485170385, 0.7847659720759917, 0.7888464262925664]",0.7869948156285322
"{'batch_size': 4096, 'dropout1': 0.374, 'dropout2': 0.36, 'dropout3': 0.442, 'dropout4': 0.392, 'dropout5': 0.117, 'dropout6': 0.482, 'dropout7': 0.25, 'dropout8': 0.022, 'hidden_size1': 96, 'hidden_size2': 32, 'hidden_size3': 512, 'hidden_size4': 128, 'hidden_size5': 48, 'hidden_size6': 96, 'hidden_size7': 64, 'hidden_size8': 48, 'learning_rate': 0.008, 'n_layers': 4, 'num_epochs': 20}","[0.7868757675357188, 0.7844148967161175, 0.7901121651116787]",0.787134276454505
"{'batch_size': 4096, 'dropout1': 0.347, 'dropout2': 0.069, 'dropout3': 0.049, 'dropout4': 0.218, 'dropout5': 0.175, 'dropout6': 0.33, 'dropout7': 0.114, 'dropout8': 0.304, 'hidden_size1': 96, 'hidden_size2': 32, 'hidden_size3': 512, 'hidden_size4': 128, 'hidden_size5': 48, 'hidden_size6': 96, 'hidden_size7': 64, 'hidden_size8': 48, 'learning_rate': 0.0008, 'n_layers': 4, 'num_epochs': 20}","[0.7854361045801146, 0.7835940549218516, 0.7898973175862813]",0.7863091590294159
"{'batch_size': 4096, 'dropout1': 0.434, 'dropout2': 0.02, 'dropout3': 0.062, 'dropout4': 0.006, 'dropout5': 0.272, 'dropout6': 0.004, 'dropout7': 0.309, 'dropout8': 0.084, 'hidden_size1': 96, 'hidden_size2': 32, 'hidden_size3': 512, 'hidden_size4': 128, 'hidden_size5': 48, 'hidden_size6': 448, 'hidden_size7': 64, 'hidden_size8': 48, 'learning_rate': 0.0002, 'n_layers': 4, 'num_epochs': 20}","[0.7817269693611133, 0.7806174218476807, 0.7861424261715306]",0.7828289391267749
"{'batch_size': 4096, 'dropout1': 0.165, 'dropout2': 0.375, 'dropout3': 0.142, 'dropout4': 0.262, 'dropout5': 0.348, 'dropout6': 0.047, 'dropout7': 0.262, 'dropout8': 0.33, 'hidden_size1': 96, 'hidden_size2': 448, 'hidden_size3': 512, 'hidden_size4': 128, 'hidden_size5': 48, 'hidden_size6': 96, 'hidden_size7': 896, 'hidden_size8': 48, 'learning_rate': 0.004, 'n_layers': 4, 'num_epochs': 15}","[0.7877076352119663, 0.7855725219322869, 0.7889349726848693]",0.7874050432763742
"{'batch_size': 1024, 'dropout1': 0.244, 'dropout2': 0.12, 'dropout3': 0.374, 'dropout4': 0.121, 'dropout5': 0.16, 'dropout6': 0.168, 'dropout7': 0.023, 'dropout8': 0.133, 'hidden_size1': 64, 'hidden_size2': 128, 'hidden_size3': 32, 'hidden_size4': 896, 'hidden_size5': 256, 'hidden_size6': 64, 'hidden_size7': 64, 'hidden_size8': 1024, 'learning_rate': 5e-05, 'n_layers': 6, 'num_epochs': 20}","[0.7826749855515011, 0.7807306648401549, 0.7861497634762853]",0.7831851379559804
"{'batch_size': 4096, 'dropout1': 0.13, 'dropout2': 0.305, 'dropout3': 0.141, 'dropout4': 0.443, 'dropout5': 0.37, 'dropout6': 0.201, 'dropout7': 0.084, 'dropout8': 0.437, 'hidden_size1': 96, 'hidden_size2': 32, 'hidden_size3': 1024, 'hidden_size4': 64, 'hidden_size5': 48, 'hidden_size6': 1024, 'hidden_size7': 128, 'hidden_size8': 48, 'learning_rate': 9e-05, 'n_layers': 7, 'num_epochs': 30}","[0.7865207911292446, 0.7834177767190824, 0.7902237331228547]",0.7867207669903938
"{'batch_size': 12800, 'dropout1': 0.276, 'dropout2': 0.247, 'dropout3': 0.306, 'dropout4': 0.352, 'dropout5': 0.402, 'dropout6': 0.081, 'dropout7': 0.306, 'dropout8': 0.389, 'hidden_size1': 96, 'hidden_size2': 64, 'hidden_size3': 512, 'hidden_size4': 48, 'hidden_size5': 32, 'hidden_size6': 96, 'hidden_size7': 96, 'hidden_size8': 128, 'learning_rate': 0.04, 'n_layers': 2, 'num_epochs': 25}","[0.7837393842315524, 0.7827107059487204, 0.7882137974243025]",0.7848879625348584
"{'batch_size': 256, 'dropout1': 0.429, 'dropout2': 0.22, 'dropout3': 0.34, 'dropout4': 0.487, 'dropout5': 0.335, 'dropout6': 0.378, 'dropout7': 0.024, 'dropout8': 0.452, 'hidden_size1': 32, 'hidden_size2': 896, 'hidden_size3': 896, 'hidden_size4': 128, 'hidden_size5': 448, 'hidden_size6': 32, 'hidden_size7': 64, 'hidden_size8': 256, 'learning_rate': 0.0006000000000000001, 'n_layers': 3, 'num_epochs': 10}","[0.7767281553669521, 0.775237391837242, 0.7832671347768623]",0.7784108939936853
"{'batch_size': 2560, 'dropout1': 0.222, 'dropout2': 0.377, 'dropout3': 0.299, 'dropout4': 0.357, 'dropout5': 0.083, 'dropout6': 0.035, 'dropout7': 0.125, 'dropout8': 0.077, 'hidden_size1': 512, 'hidden_size2': 96, 'hidden_size3': 48, 'hidden_size4': 448, 'hidden_size5': 512, 'hidden_size6': 48, 'hidden_size7': 96, 'hidden_size8': 512, 'learning_rate': 0.007, 'n_layers': 8, 'num_epochs': 20}","[0.7827182280448611, 0.7824115422172235, 0.7840561999614228]",0.7830619900745024
"{'batch_size': 2048, 'dropout1': 0.358, 'dropout2': 0.029, 'dropout3': 0.492, 'dropout4': 0.157, 'dropout5': 0.08, 'dropout6': 0.429, 'dropout7': 0.39, 'dropout8': 0.239, 'hidden_size1': 96, 'hidden_size2': 448, 'hidden_size3': 1024, 'hidden_size4': 512, 'hidden_size5': 256, 'hidden_size6': 1024, 'hidden_size7': 448, 'hidden_size8': 48, 'learning_rate': 7.000000000000001e-05, 'n_layers': 4, 'num_epochs': 35}","[0.7835235797229223, 0.7808576384433976, 0.788006661178647]",0.7841292931149889
"{'batch_size': 10240, 'dropout1': 0.043, 'dropout2': 0.457, 'dropout3': 0.419, 'dropout4': 0.098, 'dropout5': 0.491, 'dropout6': 0.058, 'dropout7': 0.325, 'dropout8': 0.415, 'hidden_size1': 1024, 'hidden_size2': 32, 'hidden_size3': 64, 'hidden_size4': 48, 'hidden_size5': 896, 'hidden_size6': 896, 'hidden_size7': 32, 'hidden_size8': 32, 'learning_rate': 0.003, 'n_layers': 5, 'num_epochs': 30}","[0.7801222204901086, 0.771053294789418, 0.7731635329011886]",0.774779682726905
"{'batch_size': 512, 'dropout1': 0.113, 'dropout2': 0.114, 'dropout3': 0.33, 'dropout4': 0.065, 'dropout5': 0.44, 'dropout6': 0.048, 'dropout7': 0.249, 'dropout8': 0.095, 'hidden_size1': 896, 'hidden_size2': 256, 'hidden_size3': 128, 'hidden_size4': 96, 'hidden_size5': 1024, 'hidden_size6': 512, 'hidden_size7': 1024, 'hidden_size8': 64, 'learning_rate': 0.0005, 'n_layers': 4, 'num_epochs': 40}","[0.7400455738029832, 0.7431159406468094, 0.7493446014499482]",0.7441687052999136
"{'batch_size': 4096, 'dropout1': 0.499, 'dropout2': 0.145, 'dropout3': 0.178, 'dropout4': 0.289, 'dropout5': 0.289, 'dropout6': 0.122, 'dropout7': 0.112, 'dropout8': 0.436, 'hidden_size1': 128, 'hidden_size2': 1024, 'hidden_size3': 512, 'hidden_size4': 128, 'hidden_size5': 48, 'hidden_size6': 128, 'hidden_size7': 512, 'hidden_size8': 96, 'learning_rate': 0.0001, 'n_layers': 5, 'num_epochs': 5}","[0.7727546545562662, 0.7703205473463881, 0.7778442897211538]",0.7736398305412694
"{'batch_size': 5120, 'dropout1': 0.363, 'dropout2': 0.233, 'dropout3': 0.452, 'dropout4': 0.015, 'dropout5': 0.467, 'dropout6': 0.394, 'dropout7': 0.144, 'dropout8': 0.136, 'hidden_size1': 96, 'hidden_size2': 32, 'hidden_size3': 448, 'hidden_size4': 896, 'hidden_size5': 64, 'hidden_size6': 256, 'hidden_size7': 64, 'hidden_size8': 896, 'learning_rate': 0.001, 'n_layers': 8, 'num_epochs': 20}","[0.7852180777118598, 0.7829884148967099, 0.7892271643878096]",0.7858112189987931
"{'batch_size': 2560, 'dropout1': 0.255, 'dropout2': 0.278, 'dropout3': 0.258, 'dropout4': 0.087, 'dropout5': 0.178, 'dropout6': 0.355, 'dropout7': 0.404, 'dropout8': 0.02, 'hidden_size1': 448, 'hidden_size2': 448, 'hidden_size3': 1024, 'hidden_size4': 32, 'hidden_size5': 96, 'hidden_size6': 448, 'hidden_size7': 48, 'hidden_size8': 128, 'learning_rate': 2e-05, 'n_layers': 6, 'num_epochs': 45}","[0.7862855597336978, 0.7830316391026835, 0.7897806749906662]",0.7863659579423491
"{'batch_size': 1024, 'dropout1': 0.299, 'dropout2': 0.488, 'dropout3': 0.356, 'dropout4': 0.492, 'dropout5': 0.384, 'dropout6': 0.075, 'dropout7': 0.331, 'dropout8': 0.236, 'hidden_size1': 48, 'hidden_size2': 512, 'hidden_size3': 96, 'hidden_size4': 1024, 'hidden_size5': 256, 'hidden_size6': 1024, 'hidden_size7': 896, 'hidden_size8': 448, 'learning_rate': 0.0007000000000000001, 'n_layers': 7, 'num_epochs': 50}","[0.7864022239602655, 0.7837841803047739, 0.7892314394918347]",0.7864726145856246
"{'batch_size': 4096, 'dropout1': 0.08, 'dropout2': 0.462, 'dropout3': 0.41, 'dropout4': 0.067, 'dropout5': 0.476, 'dropout6': 0.445, 'dropout7': 0.287, 'dropout8': 0.382, 'hidden_size1': 256, 'hidden_size2': 128, 'hidden_size3': 256, 'hidden_size4': 256, 'hidden_size5': 48, 'hidden_size6': 96, 'hidden_size7': 256, 'hidden_size8': 1024, 'learning_rate': 0.005, 'n_layers': 2, 'num_epochs': 15}","[0.7861637668960502, 0.7859011912689875, 0.7844353986229622]",0.7855001189293332
"{'batch_size': 256, 'dropout1': 0.36, 'dropout2': 0.278, 'dropout3': 0.101, 'dropout4': 0.481, 'dropout5': 0.151, 'dropout6': 0.448, 'dropout7': 0.238, 'dropout8': 0.253, 'hidden_size1': 64, 'hidden_size2': 96, 'hidden_size3': 32, 'hidden_size4': 64, 'hidden_size5': 128, 'hidden_size6': 64, 'hidden_size7': 96, 'hidden_size8': 48, 'learning_rate': 0.002, 'n_layers': 3, 'num_epochs': 30}","[0.7855213103483503, 0.7828413329264469, 0.7910436974226683]",0.7864687802324885
"{'batch_size': 128, 'dropout1': 0.5, 'dropout2': 0.135, 'dropout3': 0.071, 'dropout4': 0.12, 'dropout5': 0.473, 'dropout6': 0.21, 'dropout7': 0.367, 'dropout8': 0.291, 'hidden_size1': 96, 'hidden_size2': 64, 'hidden_size3': 512, 'hidden_size4': 48, 'hidden_size5': 448, 'hidden_size6': 1024, 'hidden_size7': 128, 'hidden_size8': 128, 'learning_rate': 0.009000000000000001, 'n_layers': 8, 'num_epochs': 25}","[0.7824061367748949, 0.7812770729827017, 0.7871923887615337]",0.7836251995063769
"{'batch_size': 12800, 'dropout1': 0.171, 'dropout2': 0.361, 'dropout3': 0.474, 'dropout4': 0.054, 'dropout5': 0.239, 'dropout6': 0.368, 'dropout7': 0.241, 'dropout8': 0.198, 'hidden_size1': 32, 'hidden_size2': 48, 'hidden_size3': 1024, 'hidden_size4': 128, 'hidden_size5': 512, 'hidden_size6': 48, 'hidden_size7': 64, 'hidden_size8': 32, 'learning_rate': 0.00030000000000000003, 'n_layers': 5, 'num_epochs': 20}","[0.7839792488849785, 0.7804070371977054, 0.7860382717382086]",0.7834748526069643
"{'batch_size': 2560, 'dropout1': 0.471, 'dropout2': 0.25, 'dropout3': 0.231, 'dropout4': 0.241, 'dropout5': 0.138, 'dropout6': 0.481, 'dropout7': 0.154, 'dropout8': 0.349, 'hidden_size1': 1024, 'hidden_size2': 32, 'hidden_size3': 48, 'hidden_size4': 448, 'hidden_size5': 32, 'hidden_size6': 32, 'hidden_size7': 448, 'hidden_size8': 512, 'learning_rate': 0.0009000000000000001, 'n_layers': 4, 'num_epochs': 10}","[0.783893380230333, 0.781050479895768, 0.7878335297975376]",0.7842591299745463
"{'batch_size': 2048, 'dropout1': 0.304, 'dropout2': 0.065, 'dropout3': 0.314, 'dropout4': 0.035, 'dropout5': 0.379, 'dropout6': 0.218, 'dropout7': 0.035, 'dropout8': 0.336, 'hidden_size1': 512, 'hidden_size2': 448, 'hidden_size3': 896, 'hidden_size4': 512, 'hidden_size5': 896, 'hidden_size6': 1024, 'hidden_size7': 64, 'hidden_size8': 256, 'learning_rate': 0.0004, 'n_layers': 8, 'num_epochs': 35}","[0.7839806553778411, 0.7824514658932669, 0.7878271067639155]",0.7847530760116745
"{'batch_size': 10240, 'dropout1': 0.459, 'dropout2': 0.358, 'dropout3': 0.173, 'dropout4': 0.388, 'dropout5': 0.263, 'dropout6': 0.286, 'dropout7': 0.124, 'dropout8': 0.299, 'hidden_size1': 96, 'hidden_size2': 896, 'hidden_size3': 512, 'hidden_size4': 128, 'hidden_size5': 256, 'hidden_size6': 96, 'hidden_size7': 32, 'hidden_size8': 48, 'learning_rate': 0.0001, 'n_layers': 5, 'num_epochs': 30}","[0.7790823493081522, 0.7763339671666869, 0.7845528343563286]",0.7799897169437227
"{'batch_size': 512, 'dropout1': 0.301, 'dropout2': 0.431, 'dropout3': 0.455, 'dropout4': 0.21, 'dropout5': 0.088, 'dropout6': 0.45, 'dropout7': 0.088, 'dropout8': 0.065, 'hidden_size1': 96, 'hidden_size2': 32, 'hidden_size3': 64, 'hidden_size4': 48, 'hidden_size5': 48, 'hidden_size6': 128, 'hidden_size7': 96, 'hidden_size8': 64, 'learning_rate': 0.01, 'n_layers': 6, 'num_epochs': 20}","[0.7864836340080088, 0.7841619830182707, 0.7899781319384063]",0.7868745829882285
"{'batch_size': 4096, 'dropout1': 0.183, 'dropout2': 0.134, 'dropout3': 0.089, 'dropout4': 0.119, 'dropout5': 0.382, 'dropout6': 0.346, 'dropout7': 0.246, 'dropout8': 0.064, 'hidden_size1': 896, 'hidden_size2': 1024, 'hidden_size3': 128, 'hidden_size4': 896, 'hidden_size5': 1024, 'hidden_size6': 896, 'hidden_size7': 512, 'hidden_size8': 96, 'learning_rate': 0.009000000000000001, 'n_layers': 4, 'num_epochs': 5}","[0.7823108689001002, 0.782132617933541, 0.7846378736861049]",0.7830271201732487
"{'batch_size': 5120, 'dropout1': 0.209, 'dropout2': 0.124, 'dropout3': 0.454, 'dropout4': 0.131, 'dropout5': 0.428, 'dropout6': 0.479, 'dropout7': 0.216, 'dropout8': 0.312, 'hidden_size1': 128, 'hidden_size2': 256, 'hidden_size3': 1024, 'hidden_size4': 96, 'hidden_size5': 64, 'hidden_size6': 256, 'hidden_size7': 1024, 'hidden_size8': 896, 'learning_rate': 0.03, 'n_layers': 7, 'num_epochs': 40}","[0.7867390088426511, 0.01865049352168629, 0.7910456777951693]",0.5321450600531689
"{'batch_size': 2560, 'dropout1': 0.41, 'dropout2': 0.278, 'dropout3': 0.396, 'dropout4': 0.15, 'dropout5': 0.149, 'dropout6': 0.493, 'dropout7': 0.178, 'dropout8': 0.281, 'hidden_size1': 256, 'hidden_size2': 448, 'hidden_size3': 96, 'hidden_size4': 32, 'hidden_size5': 96, 'hidden_size6': 512, 'hidden_size7': 48, 'hidden_size8': 128, 'learning_rate': 6e-05, 'n_layers': 2, 'num_epochs': 45}","[0.7828306364175961, 0.7809322959516851, 0.7862120882297333]",0.7833250068663382
"{'batch_size': 4096, 'dropout1': 0.375, 'dropout2': 0.174, 'dropout3': 0.368, 'dropout4': 0.295, 'dropout5': 0.271, 'dropout6': 0.288, 'dropout7': 0.387, 'dropout8': 0.378, 'hidden_size1': 48, 'hidden_size2': 512, 'hidden_size3': 512, 'hidden_size4': 256, 'hidden_size5': 48, 'hidden_size6': 1024, 'hidden_size7': 896, 'hidden_size8': 448, 'learning_rate': 1e-05, 'n_layers': 3, 'num_epochs': 15}","[0.7626726676939292, 0.757914401909465, 0.7658071225401355]",0.7621313973811765
"{'batch_size': 128, 'dropout1': 0.135, 'dropout2': 0.47, 'dropout3': 0.292, 'dropout4': 0.114, 'dropout5': 0.146, 'dropout6': 0.154, 'dropout7': 0.08, 'dropout8': 0.273, 'hidden_size1': 96, 'hidden_size2': 48, 'hidden_size3': 448, 'hidden_size4': 128, 'hidden_size5': 256, 'hidden_size6': 448, 'hidden_size7': 256, 'hidden_size8': 48, 'learning_rate': 4e-05, 'n_layers': 8, 'num_epochs': 50}","[0.7750658620002239, 0.775493443996722, 0.7831727000517488]",0.7779106686828982
"{'batch_size': 1024, 'dropout1': 0.319, 'dropout2': 0.403, 'dropout3': 0.443, 'dropout4': 0.093, 'dropout5': 0.448, 'dropout6': 0.028, 'dropout7': 0.078, 'dropout8': 0.298, 'hidden_size1': 448, 'hidden_size2': 32, 'hidden_size3': 256, 'hidden_size4': 1024, 'hidden_size5': 48, 'hidden_size6': 64, 'hidden_size7': 64, 'hidden_size8': 128, 'learning_rate': 0.006, 'n_layers': 5, 'num_epochs': 20}","[0.7866140741703986, 0.7837016606215664, 0.7893060246927134]",0.7865405864948928
"{'batch_size': 4096, 'dropout1': 0.047, 'dropout2': 0.068, 'dropout3': 0.436, 'dropout4': 0.393, 'dropout5': 0.416, 'dropout6': 0.208, 'dropout7': 0.199, 'dropout8': 0.186, 'hidden_size1': 64, 'hidden_size2': 96, 'hidden_size3': 32, 'hidden_size4': 48, 'hidden_size5': 128, 'hidden_size6': 1024, 'hidden_size7': 96, 'hidden_size8': 1024, 'learning_rate': 0.02, 'n_layers': 4, 'num_epochs': 30}","[0.7822300725795976, 0.7762412595038317, 0.7793155325108196]",0.779262288198083
"{'batch_size': 256, 'dropout1': 0.208, 'dropout2': 0.17, 'dropout3': 0.038, 'dropout4': 0.206, 'dropout5': 0.259, 'dropout6': 0.464, 'dropout7': 0.109, 'dropout8': 0.153, 'hidden_size1': 96, 'hidden_size2': 128, 'hidden_size3': 512, 'hidden_size4': 64, 'hidden_size5': 448, 'hidden_size6': 96, 'hidden_size7': 64, 'hidden_size8': 48, 'learning_rate': 3.0000000000000004e-05, 'n_layers': 8, 'num_epochs': 10}","[0.7810049416249889, 0.7779880307793587, 0.7852636300940259]",0.7814188674994579
"{'batch_size': 12800, 'dropout1': 0.49, 'dropout2': 0.362, 'dropout3': 0.349, 'dropout4': 0.02, 'dropout5': 0.463, 'dropout6': 0.157, 'dropout7': 0.008, 'dropout8': 0.031, 'hidden_size1': 32, 'hidden_size2': 64, 'hidden_size3': 1024, 'hidden_size4': 128, 'hidden_size5': 512, 'hidden_size6': 32, 'hidden_size7': 448, 'hidden_size8': 512, 'learning_rate': 0.0007000000000000001, 'n_layers': 5, 'num_epochs': 25}","[0.7785384417997396, 0.7751338208453089, 0.7820614298600084]",0.7785778975016857
"{'batch_size': 2560, 'dropout1': 0.425, 'dropout2': 0.123, 'dropout3': 0.033, 'dropout4': 0.112, 'dropout5': 0.269, 'dropout6': 0.341, 'dropout7': 0.294, 'dropout8': 0.364, 'hidden_size1': 1024, 'hidden_size2': 32, 'hidden_size3': 48, 'hidden_size4': 448, 'hidden_size5': 32, 'hidden_size6': 48, 'hidden_size7': 128, 'hidden_size8': 256, 'learning_rate': 8e-05, 'n_layers': 6, 'num_epochs': 20}","[0.7835914118430836, 0.780751310499256, 0.7883894147453032]",0.784244045695881
"{'batch_size': 10240, 'dropout1': 0.125, 'dropout2': 0.116, 'dropout3': 0.369, 'dropout4': 0.201, 'dropout5': 0.107, 'dropout6': 0.459, 'dropout7': 0.487, 'dropout8': 0.385, 'hidden_size1': 512, 'hidden_size2': 448, 'hidden_size3': 896, 'hidden_size4': 512, 'hidden_size5': 896, 'hidden_size6': 1024, 'hidden_size7': 32, 'hidden_size8': 32, 'learning_rate': 0.008, 'n_layers': 4, 'num_epochs': 35}","[0.7710813087697839, 0.7740126432319401, 0.7744151283336709]",0.7731696934451316
"{'batch_size': 4096, 'dropout1': 0.109, 'dropout2': 0.396, 'dropout3': 0.056, 'dropout4': 0.028, 'dropout5': 0.341, 'dropout6': 0.372, 'dropout7': 0.473, 'dropout8': 0.427, 'hidden_size1': 96, 'hidden_size2': 896, 'hidden_size3': 64, 'hidden_size4': 128, 'hidden_size5': 256, 'hidden_size6': 96, 'hidden_size7': 96, 'hidden_size8': 48, 'learning_rate': 0.0008, 'n_layers': 2, 'num_epochs': 30}","[0.7832441708479543, 0.779300112563041, 0.7840432998596185]",0.7821958610902046
"{'batch_size': 2048, 'dropout1': 0.146, 'dropout2': 0.393, 'dropout3': 0.296, 'dropout4': 0.275, 'dropout5': 0.323, 'dropout6': 0.358, 'dropout7': 0.082, 'dropout8': 0.41, 'hidden_size1': 96, 'hidden_size2': 32, 'hidden_size3': 512, 'hidden_size4': 48, 'hidden_size5': 48, 'hidden_size6': 896, 'hidden_size7': 64, 'hidden_size8': 96, 'learning_rate': 5e-05, 'n_layers': 7, 'num_epochs': 20}","[0.7824285190640146, 0.7813231710511985, 0.786137249228243]",0.7832963131144854
"{'batch_size': 5120, 'dropout1': 0.042, 'dropout2': 0.475, 'dropout3': 0.116, 'dropout4': 0.136, 'dropout5': 0.077, 'dropout6': 0.289, 'dropout7': 0.158, 'dropout8': 0.149, 'hidden_size1': 896, 'hidden_size2': 1024, 'hidden_size3': 128, 'hidden_size4': 32, 'hidden_size5': 1024, 'hidden_size6': 512, 'hidden_size7': 512, 'hidden_size8': 64, 'learning_rate': 0.0002, 'n_layers': 3, 'num_epochs': 5}","[0.7862706409586513, 0.7831278014037077, 0.7892714232572211]",0.7862232885398601
"{'batch_size': 512, 'dropout1': 0.025, 'dropout2': 0.24, 'dropout3': 0.211, 'dropout4': 0.422, 'dropout5': 0.071, 'dropout6': 0.197, 'dropout7': 0.074, 'dropout8': 0.248, 'hidden_size1': 128, 'hidden_size2': 256, 'hidden_size3': 96, 'hidden_size4': 96, 'hidden_size5': 64, 'hidden_size6': 128, 'hidden_size7': 1024, 'hidden_size8': 128, 'learning_rate': 0.004, 'n_layers': 8, 'num_epochs': 40}","[0.7350900842124258, 0.7320932409632228, 0.735135549859461]",0.7341062916783697
"{'batch_size': 2560, 'dropout1': 0.253, 'dropout2': 0.011, 'dropout3': 0.3, 'dropout4': 0.451, 'dropout5': 0.283, 'dropout6': 0.311, 'dropout7': 0.206, 'dropout8': 0.473, 'hidden_size1': 256, 'hidden_size2': 512, 'hidden_size3': 448, 'hidden_size4': 896, 'hidden_size5': 96, 'hidden_size6': 1024, 'hidden_size7': 48, 'hidden_size8': 896, 'learning_rate': 0.007, 'n_layers': 5, 'num_epochs': 45}","[0.7809534586233856, 0.77560270624081, 0.7818640939550583]",0.779473419606418
"{'batch_size': 4096, 'dropout1': 0.314, 'dropout2': 0.391, 'dropout3': 0.02, 'dropout4': 0.138, 'dropout5': 0.218, 'dropout6': 0.429, 'dropout7': 0.097, 'dropout8': 0.08, 'hidden_size1': 48, 'hidden_size2': 448, 'hidden_size3': 1024, 'hidden_size4': 256, 'hidden_size5': 48, 'hidden_size6': 256, 'hidden_size7': 64, 'hidden_size8': 48, 'learning_rate': 9e-05, 'n_layers': 4, 'num_epochs': 50}","[0.7838788108858237, 0.7802576108322647, 0.7862403580514898]",0.7834589265898595
"{'batch_size': 128, 'dropout1': 0.075, 'dropout2': 0.484, 'dropout3': 0.288, 'dropout4': 0.047, 'dropout5': 0.027, 'dropout6': 0.164, 'dropout7': 0.307, 'dropout8': 0.293, 'hidden_size1': 448, 'hidden_size2': 32, 'hidden_size3': 512, 'hidden_size4': 128, 'hidden_size5': 256, 'hidden_size6': 448, 'hidden_size7': 256, 'hidden_size8': 448, 'learning_rate': 0.0005, 'n_layers': 8, 'num_epochs': 20}","[0.7685015465777802, 0.7599228057878581, 0.7682702150649442]",0.7655648558101942
"{'batch_size': 1024, 'dropout1': 0.015, 'dropout2': 0.415, 'dropout3': 0.028, 'dropout4': 0.368, 'dropout5': 0.449, 'dropout6': 0.285, 'dropout7': 0.249, 'dropout8': 0.012, 'hidden_size1': 96, 'hidden_size2': 128, 'hidden_size3': 32, 'hidden_size4': 48, 'hidden_size5': 128, 'hidden_size6': 64, 'hidden_size7': 96, 'hidden_size8': 1024, 'learning_rate': 0.0006000000000000001, 'n_layers': 5, 'num_epochs': 15}","[0.7798897501001099, 0.7796646296730374, 0.7795087144939368]",0.779687698089028
"{'batch_size': 4096, 'dropout1': 0.106, 'dropout2': 0.172, 'dropout3': 0.191, 'dropout4': 0.379, 'dropout5': 0.172, 'dropout6': 0.169, 'dropout7': 0.064, 'dropout8': 0.113, 'hidden_size1': 64, 'hidden_size2': 48, 'hidden_size3': 256, 'hidden_size4': 1024, 'hidden_size5': 48, 'hidden_size6': 96, 'hidden_size7': 896, 'hidden_size8': 48, 'learning_rate': 7.000000000000001e-05, 'n_layers': 6, 'num_epochs': 30}","[0.7849553106609819, 0.782729547521682, 0.7888824812658115]",0.7855224464828252
"{'batch_size': 256, 'dropout1': 0.305, 'dropout2': 0.227, 'dropout3': 0.459, 'dropout4': 0.015, 'dropout5': 0.308, 'dropout6': 0.205, 'dropout7': 0.153, 'dropout8': 0.222, 'hidden_size1': 96, 'hidden_size2': 96, 'hidden_size3': 512, 'hidden_size4': 64, 'hidden_size5': 448, 'hidden_size6': 1024, 'hidden_size7': 128, 'hidden_size8': 128, 'learning_rate': 0.002, 'n_layers': 4, 'num_epochs': 20}","[0.7866121510901478, 0.7834540739109485, 0.7905260383749111]",0.7868640877920025
"{'batch_size': 2560, 'dropout1': 0.481, 'dropout2': 0.003, 'dropout3': 0.235, 'dropout4': 0.447, 'dropout5': 0.035, 'dropout6': 0.41, 'dropout7': 0.236, 'dropout8': 0.381, 'hidden_size1': 32, 'hidden_size2': 32, 'hidden_size3': 1024, 'hidden_size4': 128, 'hidden_size5': 512, 'hidden_size6': 32, 'hidden_size7': 64, 'hidden_size8': 256, 'learning_rate': 0.0001, 'n_layers': 7, 'num_epochs': 25}","[0.777469393008766, 0.7742611668934379, 0.7805638044252184]",0.7774314547758076
"{'batch_size': 12800, 'dropout1': 0.194, 'dropout2': 0.373, 'dropout3': 0.339, 'dropout4': 0.264, 'dropout5': 0.208, 'dropout6': 0.419, 'dropout7': 0.103, 'dropout8': 0.009, 'hidden_size1': 96, 'hidden_size2': 64, 'hidden_size3': 896, 'hidden_size4': 448, 'hidden_size5': 32, 'hidden_size6': 1024, 'hidden_size7': 448, 'hidden_size8': 512, 'learning_rate': 0.009000000000000001, 'n_layers': 2, 'num_epochs': 35}","[0.7862439235430205, 0.7860030666835774, 0.7895747254867695]",0.7872739052377892
"{'batch_size': 4096, 'dropout1': 0.435, 'dropout2': 0.162, 'dropout3': 0.306, 'dropout4': 0.23, 'dropout5': 0.438, 'dropout6': 0.291, 'dropout7': 0.115, 'dropout8': 0.235, 'hidden_size1': 1024, 'hidden_size2': 448, 'hidden_size3': 512, 'hidden_size4': 512, 'hidden_size5': 256, 'hidden_size6': 48, 'hidden_size7': 64, 'hidden_size8': 32, 'learning_rate': 0.003, 'n_layers': 8, 'num_epochs': 10}","[0.7851629766682964, 0.7824210077028283, 0.7882825616846867]",0.7852888486852704
"{'batch_size': 2048, 'dropout1': 0.285, 'dropout2': 0.039, 'dropout3': 0.28, 'dropout4': 0.461, 'dropout5': 0.227, 'dropout6': 0.35, 'dropout7': 0.383, 'dropout8': 0.292, 'hidden_size1': 512, 'hidden_size2': 896, 'hidden_size3': 48, 'hidden_size4': 128, 'hidden_size5': 896, 'hidden_size6': 96, 'hidden_size7': 96, 'hidden_size8': 48, 'learning_rate': 0.04, 'n_layers': 3, 'num_epochs': 30}","[0.7819203557914929, 0.7806335887071716, 0.7831336946835536]",0.781895879727406
"{'batch_size': 10240, 'dropout1': 0.453, 'dropout2': 0.493, 'dropout3': 0.284, 'dropout4': 0.38, 'dropout5': 0.031, 'dropout6': 0.044, 'dropout7': 0.013, 'dropout8': 0.029, 'hidden_size1': 96, 'hidden_size2': 32, 'hidden_size3': 64, 'hidden_size4': 48, 'hidden_size5': 48, 'hidden_size6': 896, 'hidden_size7': 32, 'hidden_size8': 64, 'learning_rate': 0.001, 'n_layers': 5, 'num_epochs': 20}","[0.7827179737849497, 0.7796889329236392, 0.7862441972302183]",0.7828837013129357
"{'batch_size': 512, 'dropout1': 0.185, 'dropout2': 0.458, 'dropout3': 0.462, 'dropout4': 0.345, 'dropout5': 0.032, 'dropout6': 0.43, 'dropout7': 0.5, 'dropout8': 0.499, 'hidden_size1': 896, 'hidden_size2': 1024, 'hidden_size3': 128, 'hidden_size4': 96, 'hidden_size5': 1024, 'hidden_size6': 128, 'hidden_size7': 1024, 'hidden_size8': 96, 'learning_rate': 2e-05, 'n_layers': 4, 'num_epochs': 40}","[0.7869266294962736, 0.7840600508798165, 0.7899540029403331]",0.786980227772141
"{'batch_size': 5120, 'dropout1': 0.177, 'dropout2': 0.43, 'dropout3': 0.119, 'dropout4': 0.325, 'dropout5': 0.467, 'dropout6': 0.361, 'dropout7': 0.002, 'dropout8': 0.468, 'hidden_size1': 128, 'hidden_size2': 256, 'hidden_size3': 1024, 'hidden_size4': 896, 'hidden_size5': 48, 'hidden_size6': 512, 'hidden_size7': 512, 'hidden_size8': 128, 'learning_rate': 0.0007000000000000001, 'n_layers': 8, 'num_epochs': 45}","[0.7815921326361442, 0.7811006457293078, 0.7829561801562781]",0.78188298617391
"{'batch_size': 2560, 'dropout1': 0.166, 'dropout2': 0.107, 'dropout3': 0.166, 'dropout4': 0.043, 'dropout5': 0.423, 'dropout6': 0.313, 'dropout7': 0.248, 'dropout8': 0.437, 'hidden_size1': 96, 'hidden_size2': 448, 'hidden_size3': 512, 'hidden_size4': 32, 'hidden_size5': 96, 'hidden_size6': 1024, 'hidden_size7': 64, 'hidden_size8': 896, 'learning_rate': 0.0004, 'n_layers': 5, 'num_epochs': 5}","[0.7851371940890487, 0.7820435036688778, 0.7886466382165984]",0.7852757786581751
"{'batch_size': 4096, 'dropout1': 0.442, 'dropout2': 0.001, 'dropout3': 0.092, 'dropout4': 0.433, 'dropout5': 0.144, 'dropout6': 0.275, 'dropout7': 0.381, 'dropout8': 0.001, 'hidden_size1': 256, 'hidden_size2': 32, 'hidden_size3': 448, 'hidden_size4': 128, 'hidden_size5': 64, 'hidden_size6': 448, 'hidden_size7': 48, 'hidden_size8': 48, 'learning_rate': 0.0009000000000000001, 'n_layers': 6, 'num_epochs': 20}","[0.7854330216895249, 0.7827031030201032, 0.7898649299083951]",0.7860003515393409
"{'batch_size': 128, 'dropout1': 0.416, 'dropout2': 0.199, 'dropout3': 0.329, 'dropout4': 0.298, 'dropout5': 0.13, 'dropout6': 0.406, 'dropout7': 0.469, 'dropout8': 0.428, 'hidden_size1': 48, 'hidden_size2': 512, 'hidden_size3': 96, 'hidden_size4': 256, 'hidden_size5': 256, 'hidden_size6': 256, 'hidden_size7': 896, 'hidden_size8': 448, 'learning_rate': 0.0001, 'n_layers': 4, 'num_epochs': 50}","[0.7746532498384162, 0.772881841203344, 0.7764093759754173]",0.7746481556723924
"{'batch_size': 1024, 'dropout1': 0.021, 'dropout2': 0.204, 'dropout3': 0.097, 'dropout4': 0.411, 'dropout5': 0.332, 'dropout6': 0.116, 'dropout7': 0.429, 'dropout8': 0.176, 'hidden_size1': 448, 'hidden_size2': 48, 'hidden_size3': 256, 'hidden_size4': 1024, 'hidden_size5': 48, 'hidden_size6': 96, 'hidden_size7': 256, 'hidden_size8': 48, 'learning_rate': 0.005, 'n_layers': 7, 'num_epochs': 15}","[0.7582645748424052, 0.7528675517704422, 0.751965689014114]",0.7543659385423204
"{'batch_size': 4096, 'dropout1': 0.103, 'dropout2': 0.445, 'dropout3': 0.359, 'dropout4': 0.488, 'dropout5': 0.34, 'dropout6': 0.144, 'dropout7': 0.053, 'dropout8': 0.25, 'hidden_size1': 96, 'hidden_size2': 128, 'hidden_size3': 512, 'hidden_size4': 48, 'hidden_size5': 128, 'hidden_size6': 1024, 'hidden_size7': 96, 'hidden_size8': 1024, 'learning_rate': 0.00030000000000000003, 'n_layers': 2, 'num_epochs': 30}","[0.7852267619526421, 0.785639754095171, 0.7875226927714245]",0.7861297362730791
"{'batch_size': 2560, 'dropout1': 0.102, 'dropout2': 0.186, 'dropout3': 0.227, 'dropout4': 0.323, 'dropout5': 0.458, 'dropout6': 0.232, 'dropout7': 0.028, 'dropout8': 0.227, 'hidden_size1': 64, 'hidden_size2': 96, 'hidden_size3': 1024, 'hidden_size4': 64, 'hidden_size5': 448, 'hidden_size6': 64, 'hidden_size7': 128, 'hidden_size8': 128, 'learning_rate': 6e-05, 'n_layers': 8, 'num_epochs': 20}","[0.784805052616202, 0.7814312082113619, 0.7877152935812084]",0.7846505181362575
"{'batch_size': 256, 'dropout1': 0.39, 'dropout2': 0.208, 'dropout3': 0.458, 'dropout4': 0.435, 'dropout5': 0.265, 'dropout6': 0.176, 'dropout7': 0.261, 'dropout8': 0.288, 'hidden_size1': 32, 'hidden_size2': 32, 'hidden_size3': 48, 'hidden_size4': 128, 'hidden_size5': 512, 'hidden_size6': 1024, 'hidden_size7': 64, 'hidden_size8': 256, 'learning_rate': 0.03, 'n_layers': 3, 'num_epochs': 25}","[0.7821238664244105, 0.7797098908401062, 0.7876716764975]",0.7831684779206722
"{'batch_size': 12800, 'dropout1': 0.169, 'dropout2': 0.11, 'dropout3': 0.064, 'dropout4': 0.477, 'dropout5': 0.339, 'dropout6': 0.354, 'dropout7': 0.386, 'dropout8': 0.193, 'hidden_size1': 96, 'hidden_size2': 64, 'hidden_size3': 512, 'hidden_size4': 448, 'hidden_size5': 256, 'hidden_size6': 32, 'hidden_size7': 448, 'hidden_size8': 512, 'learning_rate': 0.01, 'n_layers': 5, 'num_epochs': 10}","[0.7852729082423014, 0.781894771219152, 0.7896322369748872]",0.7855999721454469
"{'batch_size': 4096, 'dropout1': 0.028, 'dropout2': 0.223, 'dropout3': 0.011, 'dropout4': 0.491, 'dropout5': 0.255, 'dropout6': 0.152, 'dropout7': 0.244, 'dropout8': 0.296, 'hidden_size1': 1024, 'hidden_size2': 448, 'hidden_size3': 32, 'hidden_size4': 128, 'hidden_size5': 32, 'hidden_size6': 48, 'hidden_size7': 64, 'hidden_size8': 32, 'learning_rate': 1e-05, 'n_layers': 4, 'num_epochs': 30}","[0.7842567690815443, 0.781881603103888, 0.7884820950646522]",0.7848734890833615
"{'batch_size': 2048, 'dropout1': 0.339, 'dropout2': 0.043, 'dropout3': 0.14, 'dropout4': 0.186, 'dropout5': 0.455, 'dropout6': 0.324, 'dropout7': 0.313, 'dropout8': 0.06, 'hidden_size1': 512, 'hidden_size2': 32, 'hidden_size3': 896, 'hidden_size4': 512, 'hidden_size5': 896, 'hidden_size6': 96, 'hidden_size7': 96, 'hidden_size8': 48, 'learning_rate': 0.009000000000000001, 'n_layers': 8, 'num_epochs': 20}","[0.7850768170822693, 0.783344324459224, 0.7897270069187132]",0.7860493828200689
"{'batch_size': 10240, 'dropout1': 0.223, 'dropout2': 0.438, 'dropout3': 0.366, 'dropout4': 0.457, 'dropout5': 0.209, 'dropout6': 0.307, 'dropout7': 0.16, 'dropout8': 0.449, 'hidden_size1': 96, 'hidden_size2': 896, 'hidden_size3': 64, 'hidden_size4': 48, 'hidden_size5': 48, 'hidden_size6': 896, 'hidden_size7': 32, 'hidden_size8': 128, 'learning_rate': 4e-05, 'n_layers': 5, 'num_epochs': 35}","[0.7804145023911546, 0.7778205657386863, 0.7855340288944519]",0.7812563656747642
